124777,The Charlie Brown And Snoopy Show Season1Episode 1
124778,The Charlie Brown And Snoopy Show Season1Episode 2
124779,The Charlie Brown And Snoopy Show Season1Episode 3
124780,The Charlie Brown And Snoopy Show Season1Episode 4
124781,The Charlie Brown And Snoopy Show Season1Episode 5
124782,The Charlie Brown And Snoopy Show Season1Episode 6
124783,The Charlie Brown And Snoopy Show Season1Episode 7
124784,The Charlie Brown And Snoopy Show Season1Episode 8
124785,The Charlie Brown And Snoopy Show Season1Episode 9
124786,The Charlie Brown And Snoopy Show Season1Episode 10
124787,The Charlie Brown And Snoopy Show Season1Episode 11
124788,The Charlie Brown And Snoopy Show Season1Episode 12
124789,The Charlie Brown And Snoopy Show Season1Episode 13
124790,The Charlie Brown And Snoopy Show Season1Episode 14
124791,The Charlie Brown And Snoopy Show Season1Episode 15
124792,The Charlie Brown And Snoopy Show Season1Episode 16
124793,The Charlie Brown And Snoopy Show Season1Episode 17
124794,The Charlie Brown And Snoopy Show Season1Episode 18
469763,Monster High: New Ghoul At School
124776,"The Charlie Brown And Snoopy Show, Season 1"
