470044,New Girl Season3All In,3,51,,
470045,New Girl Season3Nerd,3,51,,
470046,New Girl Season3Double Date,3,51,,
470047,New Girl Season3The Captain,3,51,,
470048,New Girl Season3The Box,3,51,,
470049,New Girl Season3Keaton,3,51,,
470050,New Girl Season3Coach,3,51,,
470051,New Girl Season3Menus,3,51,,
470052,New Girl Season3Longest Night Ever,3,51,,
470053,New Girl Season3Thanksgiving III,3,51,,
470054,New Girl Season3Clavado En Un Bar,3,51,,
470055,New Girl Season3Basketsball,3,51,,
470056,New Girl Season3Birthday,3,51,,
470057,New Girl Season3Prince,3,51,,
470058,New Girl Season3Exes,3,51,,
470059,New Girl Season3Sister,3,51,,
470060,New Girl Season3Sister II,3,51,,
470061,New Girl Season3Sister III,3,51,,
470062,New Girl Season3Fired Up,3,51,,
470063,New Girl Season3Mars Landing,3,51,,
470064,New Girl Season3Big News,3,51,,
470065,New Girl Season3Dance,3,51,,
470066,New Girl Season3Cruise,3,51,,
470043,"New Girl Season3New Girl, Season 3",2,51,,
