471370,Sleepy Hollow Season1Pilot,3,50,,
471371,Sleepy Hollow Season1Blood Moon,3,50,,
471372,Sleepy Hollow Season1For The Triumph Of Evil...,3,50,,
471373,Sleepy Hollow Season1The Lesser Key Of Solomon,3,50,,
471374,Sleepy Hollow Season1John Doe,3,50,,
471375,Sleepy Hollow Season1The Sin Eater,3,50,,
471376,Sleepy Hollow Season1Midnight Ride,3,50,,
471377,Sleepy Hollow Season1Necromancer,3,50,,
471378,Sleepy Hollow Season1Sanctuary,3,50,,
471379,Sleepy Hollow Season1The Golem,3,50,,
471380,Sleepy Hollow Season1Vessel,3,50,,
471381,Sleepy Hollow Season1The Indispensable Man/Bad Blood,3,50,,
471369,"Sleepy Hollow Season1Sleepy Hollow, Season 1",2,50,,
